[
    {
        "name": "Picnic",
        "description": "Picnic in the park",
        "date": "2024/09/11"
    },
    {
        "name": "Rock concert",
        "description": "Rock concert at the football stadium",
        "date": "2024/09/21"
    },
    {
        "name": "Golf day!",
        "description": "Golf day at the local golf course",
        "date": "2024/09/09"
    },
    {
        "name": "Braai in the park",
        "description": "braai at the community swimming pool",
        "date": "2024/09/22"
    },
    {
        "name": "Festival",
        "description": "Summer music festival with a lot of artists performing",
        "date": "2024/09/14"
    },
    {
        "name": "Quiz night @ Bennies",
        "description": "Quiz night at Bennie's pub",
        "date": "2024/09/13"
    },
    {
        "name": "#Fundraiser fun marathon!",
        "description": "Raising money for a very good cause!",
        "date": "2024/09/24"
    }
]